"offenderID","crimeID"
"O:1","C:6"
"O:2","C:2"
"O:3","C:29"
"O:4","C:19"
"O:5","C:18"
"O:6","C:18"
"O:7","C:10"
"O:8","C:5"
"O:9","C:9"
"O:10","C:9"
"O:11","C:15"
"O:12","C:21"
"O:13","C:21"
"O:14","C:17"
"O:15","C:3"
"O:16","C:11"
"O:17","C:11"
"O:4","C:12"
"O:3","C:16"
"O:3","C:23"
"O:3","C:25"
"O:3","C:24"
"O:18","C:1"
"O:19","C:18"
"O:20","C:4"
"O:21","C:27"
"O:22","C:30"
"O:23","C:30"
"O:24","C:31"
"O:25","C:31"
"O:26","C:34"
"O:26","C:35"
"O:27","C:7"
"O:28","C:33"
"O:29","C:36"
"O:30","C:8"
"O:31","C:39"
"O:3","C:40"
"O:17","C:41"
"O:32","C:37"
"O:33","C:26"
"O:34","C:45"
"O:35","C:43"
"O:36","C:42"
"O:37","C:44"
"O:17","C:39"
"O:38","C:48"
"O:39","C:28"
"O:40","C:26"
"O:41","C:46"
"O:42","C:46"
"O:43","C:47"
"O:44","C:50"
"O:45","C:50"
"O:46","C:49"
"O:47","C:56"
"O:48","C:59"
"O:49","C:60"
"O:50","C:60"
"O:51","C:56"
"O:52","C:22"
"O:53","C:32"
"O:54","C:70"
"O:55","C:66"
"O:56","C:52"
"O:57","C:67"
"O:58","C:20"
"O:59","C:62"
"O:59","C:13"
"O:59","C:54"
"O:59","C:55"
"O:59","C:58"
"O:59","C:57"
"O:60","C:64"
"O:61","C:14"
"O:62","C:54"
"O:63","C:73"
"O:64","C:65"
"O:65","C:51"
"O:65","C:53"
"O:66","C:71"
"O:67","C:74"
"O:68","C:74"
"O:69","C:87"
"O:70","C:75"
"O:71","C:75"
"O:72","C:77"
"O:73","C:77"
"O:74","C:84"
"O:75","C:82"
"O:76","C:82"
"O:77","C:80"
"O:78","C:79"
"O:79","C:83"
"O:80","C:76"
"O:81","C:71"
"O:40","C:110"
"O:82","C:110"
"O:72","C:78"
"O:73","C:78"
"O:40","C:78"
"O:40","C:85"
"O:80","C:71"
"O:80","C:63"
"O:83","C:89"
"O:84","C:93"
"O:85","C:92"
"O:86","C:117"
"O:87","C:115"
"O:87","C:118"
"O:88","C:77"
"O:89","C:105"
"O:90","C:125"
"O:90","C:126"
"O:91","C:108"
"O:92","C:108"
"O:93","C:128"
"O:94","C:95"
"O:81","C:72"
"O:95","C:95"
"O:96","C:96"
"O:97","C:96"
"O:21","C:114"
"O:98","C:116"
"O:99","C:116"
"O:100","C:121"
"O:101","C:127"
"O:102","C:100"
"O:103","C:94"
"O:104","C:146"
"O:105","C:139"
"O:106","C:144"
"O:106","C:163"
"O:107","C:163"
"O:108","C:163"
"O:107","C:145"
"O:108","C:145"
"O:106","C:145"
"O:107","C:164"
"O:108","C:164"
"O:106","C:164"
"O:107","C:165"
"O:108","C:165"
"O:106","C:165"
"O:107","C:166"
"O:108","C:166"
"O:106","C:166"
"O:107","C:144"
"O:108","C:144"
"O:109","C:148"
"O:110","C:150"
"O:111","C:147"
"O:112","C:120"
"O:113","C:90"
"O:114","C:187"
"O:115","C:142"
"O:116","C:142"
"O:117","C:155"
"O:118","C:91"
"O:119","C:95"
"O:120","C:86"
"O:121","C:61"
"O:122","C:173"
"O:123","C:134"
"O:124","C:129"
"O:125","C:152"
"O:126","C:169"
"O:127","C:190"
"O:128","C:190"
"O:129","C:190"
"O:130","C:190"
"O:110","C:168"
"O:110","C:182"
"O:110","C:159"
"O:131","C:167"
"O:16","C:113"
"O:132","C:123"
"O:133","C:102"
"O:134","C:122"
"O:135","C:81"
"O:136","C:160"
"O:137","C:160"
"O:138","C:176"
"O:139","C:198"
"O:140","C:158"
"O:141","C:167"
"O:142","C:162"
"O:143","C:175"
"O:144","C:175"
"O:145","C:38"
"O:110","C:137"
"O:146","C:156"
"O:147","C:192"
"O:148","C:173"
"O:149","C:210"
"O:150","C:178"
"O:151","C:178"
"O:110","C:132"
"O:110","C:136"
"O:110","C:143"
"O:110","C:161"
"O:110","C:170"
"O:110","C:171"
"O:110","C:174"
"O:110","C:211"
"O:152","C:186"
"O:153","C:186"
"O:154","C:180"
"O:155","C:180"
"O:156","C:200"
"O:157","C:183"
"O:158","C:189"
"O:159","C:196"
"O:160","C:193"
"O:161","C:226"
"O:162","C:226"
"O:163","C:193"
"O:164","C:193"
"O:165","C:191"
"O:166","C:107"
"O:166","C:130"
"O:167","C:199"
"O:168","C:202"
"O:169","C:206"
"O:170","C:212"
"O:171","C:213"
"O:172","C:208"
"O:173","C:208"
"O:174","C:207"
"O:175","C:207"
"O:174","C:209"
"O:176","C:215"
"O:177","C:214"
"O:178","C:169"
"O:179","C:33"
"O:180","C:197"
"O:181","C:222"
"O:182","C:225"
"O:183","C:223"
"O:184","C:221"
"O:185","C:228"
"O:186","C:228"
"O:48","C:224"
"O:187","C:230"
"O:188","C:230"
"O:189","C:220"
"O:190","C:220"
"O:191","C:220"
"O:192","C:235"
"O:193","C:236"
"O:31","C:113"
"O:194","C:232"
"O:195","C:232"
"O:196","C:229"
"O:197","C:153"
"O:132","C:124"
"O:132","C:106"
"O:198","C:104"
"O:199","C:227"
"O:200","C:227"
"O:201","C:248"
"O:202","C:245"
"O:203","C:247"
"O:204","C:149"
"O:205","C:72"
"O:206","C:271"
"O:207","C:271"
"O:110","C:140"
"O:126","C:141"
"O:142","C:138"
"O:208","C:138"
"O:209","C:274"
"O:139","C:188"
"O:210","C:243"
"O:211","C:243"
"O:212","C:99"
"O:212","C:98"
"O:212","C:97"
"O:212","C:103"
"O:213","C:252"
"O:214","C:255"
"O:215","C:250"
"O:216","C:133"
"O:217","C:254"
"O:218","C:177"
"O:219","C:240"
"O:220","C:237"
"O:153","C:237"
"O:221","C:257"
"O:222","C:256"
"O:223","C:283"
"O:224","C:251"
"O:225","C:260"
"O:223","C:288"
"O:226","C:280"
"O:227","C:282"
"O:228","C:257"
"O:229","C:201"
"O:230","C:172"
"O:231","C:195"
"O:232","C:264"
"O:233","C:268"
"O:234","C:292"
"O:235","C:179"
"O:236","C:194"
"O:237","C:304"
"O:238","C:233"
"O:239","C:143"
"O:240","C:239"
"O:241","C:291"
"O:242","C:301"
"O:243","C:219"
"O:244","C:261"
"O:241","C:296"
"O:245","C:295"
"O:246","C:109"
"O:247","C:289"
"O:248","C:290"
"O:249","C:270"
"O:250","C:321"
"O:251","C:323"
"O:252","C:324"
"O:253","C:276"
"O:254","C:329"
"O:255","C:279"
"O:256","C:320"
"O:257","C:320"
"O:258","C:318"
"O:259","C:234"
"O:260","C:184"
"O:261","C:22"
"O:262","C:305"
"O:263","C:298"
"O:264","C:312"
"O:264","C:311"
"O:264","C:310"
"O:264","C:309"
"O:264","C:316"
"O:265","C:259"
"O:266","C:273"
"O:267","C:253"
"O:268","C:299"
"O:269","C:38"
"O:270","C:278"
"O:271","C:325"
"O:159","C:326"
"O:254","C:331"
"O:272","C:263"
"O:273","C:131"
"O:274","C:334"
"O:265","C:297"
"O:275","C:297"
"O:265","C:293"
"O:275","C:293"
"O:265","C:285"
"O:275","C:285"
"O:265","C:286"
"O:275","C:286"
"O:265","C:294"
"O:275","C:294"
"O:275","C:259"
"O:166","C:111"
"O:166","C:119"
"O:166","C:151"
"O:159","C:335"
"O:276","C:332"
"O:277","C:258"
"O:278","C:277"
"O:279","C:336"
"O:280","C:303"
"O:280","C:269"
"O:280","C:281"
"O:281","C:346"
"O:282","C:337"
"O:283","C:346"
"O:284","C:348"
"O:285","C:287"
"O:266","C:265"
"O:266","C:266"
"O:286","C:273"
"O:287","C:321"
"O:288","C:157"
"O:289","C:317"
"O:290","C:317"
"O:291","C:275"
"O:292","C:299"
"O:293","C:253"
"O:294","C:272"
"O:295","C:253"
"O:241","C:189"
"O:296","C:342"
"O:297","C:342"
"O:280","C:307"
"O:181","C:330"
"O:298","C:249"
"O:299","C:354"
"O:300","C:360"
"O:301","C:355"
"O:302","C:338"
"O:303","C:344"
"O:304","C:344"
"O:303","C:314"
"O:304","C:314"
"O:305","C:231"
"O:306","C:374"
"O:306","C:357"
"O:307","C:349"
"O:308","C:379"
"O:309","C:342"
"O:310","C:342"
"O:311","C:216"
"O:271","C:315"
"O:312","C:267"
"O:313","C:341"
"O:314","C:328"
"O:315","C:373"
"O:267","C:275"
"O:265","C:218"
"O:316","C:350"
"O:317","C:300"
"O:318","C:364"
"O:319","C:365"
"O:320","C:381"
"O:321","C:381"
"O:322","C:340"
"O:323","C:112"
"O:324","C:377"
"O:325","C:377"
"O:326","C:371"
"O:327","C:370"
"O:328","C:351"
"O:329","C:313"
"O:330","C:363"
"O:331","C:380"
"O:332","C:380"
"O:333","C:286"
"O:334","C:154"
"O:335","C:385"
"O:336","C:286"
"O:337","C:356"
"O:338","C:356"
"O:339","C:352"
"O:340","C:352"
"O:339","C:353"
"O:341","C:363"
"O:342","C:358"
"O:343","C:358"
"O:344","C:387"
"O:345","C:375"
"O:346","C:375"
"O:318","C:306"
"O:347","C:246"
"O:348","C:319"
"O:349","C:205"
"O:350","C:343"
"O:351","C:238"
"O:352","C:371"
"O:353","C:382"
"O:351","C:244"
"O:354","C:262"
"O:354","C:383"
"O:307","C:362"
"O:355","C:368"
"O:355","C:367"
"O:355","C:369"
"O:356","C:361"
"O:357","C:378"
"O:358","C:204"
"O:359","C:333"
"O:360","C:333"
"O:361","C:68"
"O:362","C:387"
"O:348","C:345"
"O:363","C:308"
"O:364","C:284"
"O:259","C:241"
"O:365","C:384"
"O:366","C:340"
"O:367","C:378"
"O:368","C:366"
"O:365","C:359"
"O:369","C:101"
"O:359","C:389"
"O:360","C:389"
"O:370","C:203"
"O:371","C:388"
"O:372","C:322"
"O:66","C:386"
"O:373","C:388"
"O:374","C:72"
"O:375","C:327"
"O:376","C:386"
"O:377","C:69"
"O:378","C:88"
"O:379","C:376"
"O:380","C:88"
"O:381","C:372"
"O:17","C:372"
"O:382","C:242"
"O:383","C:347"
"O:384","C:217"
"O:246","C:185"
"O:385","C:339"
"O:386","C:135"
"O:253","C:390"
"O:262","C:302"
"O:387","C:181"
"O:388","C:491"
"O:389","C:492"
"O:390","C:493"
"O:391","C:494"
"O:392","C:495"
"O:393","C:496"
"O:394","C:497"
"O:395","C:498"
"O:396","C:499"
"O:397","C:500"
"O:398","C:501"
"O:399","C:502"
"O:400","C:503"
"O:401","C:504"
"O:402","C:505"
"O:403","C:506"
"O:404","C:507"
"O:405","C:508"
"O:406","C:509"
"O:407","C:510"
"O:408","C:511"
"O:409","C:512"
"O:410","C:513"
"O:411","C:514"
"O:412","C:515"
"O:413","C:516"
"O:414","C:517"
"O:415","C:518"
"O:416","C:519"
"O:417","C:520"
"O:418","C:521"
"O:419","C:522"
"O:420","C:523"
"O:421","C:524"
"O:422","C:525"
"O:423","C:526"
"O:424","C:527"
"O:425","C:528"
"O:426","C:529"
"O:427","C:530"
"O:428","C:531"
"O:429","C:532"
"O:430","C:533"
"O:431","C:534"
"O:432","C:535"
"O:433","C:536"
"O:434","C:537"
"O:435","C:538"
"O:436","C:539"
"O:437","C:540"
"O:438","C:541"
"O:439","C:542"
"O:440","C:543"
"O:441","C:544"
"O:442","C:545"
"O:443","C:546"
"O:444","C:547"
"O:445","C:548"
"O:446","C:549"
"O:447","C:550"
"O:448","C:551"
"O:449","C:552"
"O:450","C:553"
"O:451","C:554"
"O:452","C:555"
"O:453","C:556"
"O:454","C:557"
"O:455","C:558"
"O:456","C:559"
"O:457","C:560"
"O:458","C:561"
"O:459","C:562"
"O:460","C:563"
"O:461","C:564"
"O:462","C:565"
"O:463","C:566"
"O:464","C:567"
"O:465","C:568"
"O:466","C:569"
"O:467","C:570"
"O:468","C:571"
"O:469","C:572"
"O:470","C:573"
"O:471","C:574"
"O:472","C:575"
"O:473","C:576"
"O:474","C:577"
"O:475","C:578"
"O:476","C:579"
"O:195","C:232"
"O:477","C:580"
"O:478","C:581"
"O:479","C:582"
"O:480","C:583"
"O:481","C:584"
"O:482","C:585"
"O:483","C:586"
"O:484","C:587"
"O:485","C:588"
"O:486","C:589"
"O:487","C:590"
"O:488","C:591"
"O:489","C:592"
"O:490","C:593"
"O:491","C:594"
"O:492","C:595"
"O:493","C:596"
"O:494","C:597"
"O:495","C:598"
"O:496","C:599"
"O:497","C:600"
"O:498","C:601"
"O:499","C:602"
"O:500","C:603"
"O:501","C:604"
"O:502","C:605"
"O:503","C:606"
"O:504","C:607"
"O:505","C:608"
"O:506","C:609"
"O:507","C:610"
"O:508","C:611"
"O:509","C:612"
"O:510","C:613"
"O:511","C:614"
"O:512","C:615"
"O:513","C:616"
"O:514","C:617"
"O:515","C:618"
"O:516","C:619"
"O:517","C:620"
"O:518","C:621"
"O:413","C:622"
"O:519","C:623"
"O:520","C:624"
"O:521","C:625"
"O:522","C:626"
"O:264","C:310"
"O:523","C:627"
"O:524","C:628"
"O:525","C:629"
"O:526","C:630"
"O:527","C:631"
"O:528","C:632"
"O:529","C:633"
"O:530","C:634"
"O:531","C:635"
"O:532","C:636"
"O:533","C:637"
"O:534","C:638"
"O:535","C:639"
"O:536","C:640"
"O:537","C:641"
"O:538","C:642"
"O:539","C:643"
"O:540","C:644"
"O:541","C:645"
"O:542","C:646"
"O:543","C:647"
"O:544","C:648"
"O:545","C:649"
"O:546","C:650"
"O:547","C:651"
"O:548","C:652"
"O:549","C:653"
"O:550","C:654"
"O:551","C:655"
"O:552","C:656"
"O:553","C:657"
"O:554","C:658"
"O:555","C:659"
"O:556","C:660"
"O:557","C:661"
"O:558","C:662"
"O:559","C:663"
"O:560","C:664"
"O:561","C:665"
"O:443","C:666"
"O:562","C:667"
"O:563","C:668"
"O:564","C:669"
"O:425","C:670"
"O:565","C:671"
"O:566","C:672"
"O:567","C:673"
"O:568","C:674"
"O:569","C:675"
"O:570","C:676"
"O:571","C:677"
"O:572","C:678"
"O:573","C:679"
"O:574","C:680"
"O:575","C:681"
"O:576","C:682"
"O:577","C:683"
"O:578","C:684"
"O:579","C:685"
"O:580","C:686"
"O:581","C:687"
"O:582","C:688"
"O:583","C:689"
"O:584","C:690"
"O:585","C:691"
"O:586","C:692"
"O:587","C:693"
"O:588","C:694"
"O:589","C:695"
"O:590","C:696"
"O:591","C:697"
"O:592","C:698"
"O:593","C:699"
"O:594","C:700"
"O:595","C:701"
"O:596","C:702"
"O:597","C:703"
"O:289","C:704"
"O:598","C:705"
"O:599","C:706"
"O:600","C:707"
"O:601","C:708"
"O:602","C:709"
"O:603","C:710"
"O:604","C:711"
"O:605","C:712"
"O:606","C:713"
"O:607","C:607"
"O:608","C:714"
"O:609","C:715"
"O:610","C:716"
"O:611","C:717"
"O:612","C:718"
"O:613","C:719"
"O:614","C:720"
"O:615","C:721"
"O:616","C:722"
"O:617","C:723"
"O:618","C:724"
"O:619","C:725"
"O:620","C:726"
"O:621","C:727"
"O:622","C:728"
"O:623","C:729"
"O:624","C:730"
"O:625","C:731"
"O:626","C:732"
"O:627","C:733"
"O:628","C:734"
"O:629","C:735"
"O:630","C:736"
"O:631","C:737"
"O:632","C:738"
"O:633","C:739"
"O:634","C:740"
"O:635","C:741"
"O:636","C:742"
"O:637","C:743"
"O:638","C:744"
"O:639","C:745"
"O:640","C:746"
"O:537","C:747"
"O:641","C:748"
"O:642","C:749"
"O:643","C:750"
"O:644","C:751"
"O:645","C:752"
"O:646","C:753"
"O:647","C:754"
"O:648","C:755"
"O:649","C:756"
"O:650","C:757"
"O:651","C:758"
"O:652","C:759"
"O:653","C:760"
"O:654","C:761"
"O:655","C:762"
"O:656","C:763"
"O:657","C:764"
"O:658","C:765"
"O:659","C:766"
"O:660","C:767"
"O:661","C:768"
"O:662","C:769"
"O:663","C:770"
"O:664","C:771"
"O:665","C:772"
"O:666","C:773"
"O:667","C:774"
"O:668","C:775"
"O:669","C:776"
"O:670","C:777"
"O:671","C:778"
"O:672","C:779"
"O:673","C:780"
"O:674","C:781"
"O:675","C:782"
"O:676","C:783"
"O:677","C:784"
"O:678","C:785"
"O:679","C:786"
"O:680","C:787"
"O:681","C:788"
"O:682","C:789"
"O:683","C:790"
"O:684","C:791"
"O:685","C:792"
"O:686","C:793"
"O:687","C:794"
"O:688","C:795"
"O:689","C:796"
"O:690","C:797"
"O:691","C:798"
"O:692","C:799"
"O:693","C:800"
"O:694","C:801"
"O:695","C:802"
"O:696","C:803"
"O:697","C:804"
"O:698","C:805"
"O:699","C:806"
"O:700","C:807"
"O:701","C:808"
"O:702","C:809"
"O:703","C:810"
"O:704","C:811"
"O:705","C:812"
"O:706","C:813"
"O:707","C:814"
"O:708","C:815"
"O:709","C:816"
"O:710","C:817"
"O:711","C:818"
"O:712","C:819"
"O:713","C:820"
"O:714","C:821"
"O:715","C:822"
"O:716","C:823"
"O:717","C:824"
"O:718","C:825"
"O:662","C:826"
"O:719","C:827"
"O:720","C:828"
"O:721","C:829"
"O:722","C:830"
"O:723","C:831"
"O:724","C:832"
"O:725","C:833"
"O:726","C:834"
"O:727","C:835"
"O:728","C:836"
"O:729","C:837"
"O:730","C:838"
"O:731","C:839"
"O:732","C:840"
"O:733","C:841"
"O:734","C:842"
"O:735","C:843"
"O:736","C:844"
"O:737","C:845"
"O:738","C:846"
"O:739","C:847"
"O:740","C:848"
"O:741","C:849"
"O:742","C:850"
"O:743","C:851"
"O:744","C:852"
"O:745","C:853"
"O:746","C:854"
"O:747","C:855"
"O:748","C:856"
"O:749","C:857"
"O:750","C:858"
"O:751","C:859"
"O:752","C:860"
"O:753","C:861"
"O:754","C:862"
"O:755","C:863"
"O:756","C:864"
"O:757","C:865"
"O:758","C:866"
"O:759","C:867"
"O:760","C:868"
"O:761","C:869"
"O:762","C:870"
"O:763","C:871"
"O:764","C:872"
"O:765","C:873"
"O:766","C:874"
"O:742","C:875"
"O:767","C:876"
"O:768","C:877"
"O:769","C:878"
"O:770","C:879"
"O:771","C:880"
"O:772","C:881"
"O:773","C:882"
"O:774","C:883"
"O:775","C:884"
"O:776","C:885"
"O:777","C:886"
"O:778","C:887"
"O:779","C:888"
"O:780","C:889"
"O:781","C:890"
"O:782","C:891"
"O:537","C:892"
"O:783","C:893"
"O:784","C:894"
"O:785","C:895"
"O:786","C:896"
"O:787","C:897"
"O:788","C:898"
"O:789","C:899"
"O:790","C:900"
"O:791","C:901"
"O:792","C:902"
"O:793","C:903"
"O:794","C:904"
"O:795","C:905"
"O:796","C:906"
"O:797","C:907"
"O:798","C:908"
"O:799","C:909"
"O:800","C:910"
"O:801","C:911"
"O:802","C:912"
"O:803","C:913"
"O:804","C:914"
"O:805","C:915"
"O:806","C:916"
"O:807","C:917"
"O:808","C:918"
"O:809","C:919"
"O:810","C:920"
"O:811","C:921"
"O:812","C:922"
"O:813","C:923"
"O:814","C:924"
"O:815","C:925"
"O:816","C:926"
"O:817","C:927"
"O:818","C:928"
"O:819","C:929"
"O:820","C:930"
"O:821","C:931"
"O:822","C:932"
"O:823","C:933"
"O:824","C:934"
"O:825","C:935"
"O:313","C:341"
"O:826","C:936"
"O:827","C:937"
"O:828","C:938"
"O:829","C:939"
"O:830","C:940"
"O:831","C:941"
"O:832","C:942"
"O:833","C:943"
"O:834","C:944"
"O:835","C:945"
"O:836","C:946"
"O:837","C:947"
"O:838","C:948"
"O:839","C:949"
"O:840","C:950"
"O:841","C:951"
"O:842","C:952"
"O:843","C:953"
"O:844","C:954"
"O:845","C:955"
"O:846","C:956"
"O:847","C:957"
"O:848","C:958"
"O:849","C:959"
"O:850","C:960"
"O:851","C:961"
"O:852","C:962"
"O:853","C:963"
"O:854","C:964"
"O:855","C:965"
"O:856","C:966"
"O:857","C:967"
"O:858","C:968"
"O:859","C:969"
"O:421","C:970"
"O:860","C:971"
"O:861","C:972"
"O:862","C:973"
"O:863","C:974"
"O:864","C:975"
"O:865","C:976"
"O:866","C:977"
"O:867","C:978"
"O:868","C:979"
"O:869","C:980"
"O:870","C:981"
"O:871","C:982"
"O:872","C:983"
"O:873","C:984"
"O:874","C:985"
"O:875","C:986"
"O:876","C:987"
"O:877","C:988"
"O:878","C:989"
"O:879","C:990"
"O:880","C:991"
"O:881","C:992"
"O:882","C:993"
"O:883","C:994"
"O:884","C:995"
"O:885","C:996"
"O:886","C:997"
"O:887","C:998"
"O:888","C:999"
"O:889","C:1000"
"O:890","C:1001"
"O:891","C:1002"
"O:892","C:1003"
"O:893","C:1004"
"O:894","C:1005"
"O:895","C:1006"
"O:896","C:1007"
"O:897","C:1008"
"O:898","C:1009"
"O:899","C:1010"
"O:900","C:1011"
"O:901","C:1012"
"O:902","C:1013"
"O:903","C:1014"
"O:904","C:1015"
"O:905","C:1016"
"O:906","C:1017"
"O:907","C:1018"
"O:908","C:1019"
"O:909","C:1020"
"O:406","C:1021"
"O:910","C:1022"
"O:911","C:1023"
"O:912","C:1024"
"O:913","C:1025"
"O:914","C:1026"
"O:915","C:1027"
"O:916","C:1028"
"O:917","C:1029"
"O:918","C:1030"
"O:919","C:1031"
"O:920","C:1032"
"O:921","C:1033"
"O:922","C:1034"
"O:923","C:1035"
"O:924","C:1036"
"O:925","C:1037"
"O:926","C:1038"
"O:293","C:1039"
"O:927","C:1040"
"O:928","C:1041"
"O:929","C:1042"
"O:930","C:1043"
"O:931","C:1044"
"O:932","C:1045"
"O:933","C:1046"
"O:934","C:1047"
"O:935","C:1048"
"O:936","C:1049"
"O:937","C:1050"
"O:938","C:1051"
"O:939","C:1052"
"O:940","C:1053"
"O:941","C:1054"
"O:942","C:1055"
"O:943","C:1056"
"O:944","C:1057"
"O:945","C:595"
"O:946","C:1058"
"O:947","C:1059"
"O:948","C:1060"
"O:655","C:1061"
"O:949","C:1062"
"O:950","C:1063"
"O:951","C:1064"
"O:952","C:1065"
"O:953","C:1066"
"O:954","C:1067"
"O:955","C:1068"
"O:956","C:1069"
"O:957","C:1070"
"O:958","C:1071"
"O:959","C:1072"
"O:960","C:1073"
"O:961","C:1074"
"O:962","C:1075"
"O:963","C:1076"
"O:964","C:1077"
"O:965","C:1078"
"O:966","C:1079"
"O:967","C:1080"
"O:968","C:1081"
"O:969","C:1082"
"O:970","C:1083"
"O:971","C:1084"
"O:972","C:1085"
"O:973","C:1086"
"O:974","C:1087"
"O:975","C:800"
"O:976","C:1088"
"O:977","C:1089"
"O:978","C:1090"
"O:979","C:1091"
"O:980","C:1092"
"O:981","C:1093"
"O:982","C:1094"
"O:983","C:1095"
"O:984","C:1096"
"O:985","C:1097"
"O:986","C:1098"
"O:987","C:1099"
"O:988","C:1100"
"O:989","C:1101"
"O:990","C:1102"
"O:991","C:1103"
"O:992","C:1104"
"O:993","C:1105"
"O:994","C:1106"
"O:995","C:1107"
"O:996","C:1108"
"O:997","C:1109"
"O:998","C:1110"
"O:999","C:1111"
"O:1000","C:1112"
"O:1001","C:1113"
"O:1002","C:1114"
"O:1003","C:1115"
"O:1004","C:1116"
"O:1005","C:1117"
"O:1006","C:1118"
"O:1007","C:1119"
"O:1008","C:1120"
"O:1009","C:1121"
"O:1010","C:1122"
"O:1011","C:1123"
"O:1012","C:1124"
"O:1013","C:1125"
"O:1014","C:1126"
"O:1015","C:1127"
"O:1016","C:1128"
"O:1017","C:1129"
"O:1018","C:1130"
"O:1019","C:1131"
"O:1020","C:1132"
"O:1021","C:1133"
"O:1022","C:1134"
"O:1023","C:1135"
"O:1024","C:1136"
"O:1025","C:1137"
"O:1026","C:1138"
"O:1027","C:1139"
"O:1028","C:1140"
"O:407","C:1141"
"O:1029","C:1142"
"O:1030","C:1143"
"O:1031","C:1144"
"O:1032","C:1145"
"O:1033","C:1146"
"O:1034","C:1147"
"O:1035","C:1148"
"O:1036","C:1149"
"O:1037","C:1150"
"O:1038","C:1151"
"O:1039","C:1152"
"O:1040","C:1153"
"O:1041","C:1154"
"O:1042","C:1155"
"O:1043","C:1156"
"O:1044","C:1157"
"O:1045","C:1158"
"O:1046","C:1159"
"O:1047","C:1160"
"O:1048","C:1161"
"O:267","C:1162"
"O:1049","C:1163"
"O:1050","C:934"
"O:1051","C:1164"
"O:1052","C:1165"
"O:1053","C:1166"
"O:1054","C:1167"
"O:1055","C:1168"
"O:1056","C:1169"
"O:1057","C:1170"
"O:1058","C:1171"
"O:1059","C:1172"
"O:1060","C:1173"
"O:1061","C:695"
"O:1062","C:1174"
"O:1063","C:1175"
"O:1064","C:1176"
"O:1065","C:1177"
"O:1066","C:1178"
"O:1067","C:1179"
"O:1068","C:1180"
"O:1069","C:1181"
"O:1070","C:1182"
"O:1071","C:1183"
"O:1072","C:1184"
"O:1073","C:1185"
"O:1074","C:1186"
"O:1075","C:1187"
"O:1076","C:1188"
"O:1077","C:1189"
"O:1078","C:1190"
"O:1079","C:1191"
"O:1080","C:1192"
"O:1081","C:1193"
"O:1082","C:1194"
"O:1083","C:1195"
"O:1084","C:1196"
"O:1085","C:1197"
"O:1086","C:1198"
"O:1087","C:1199"
"O:1088","C:1200"
"O:1089","C:1201"
"O:1090","C:1202"
"O:1091","C:1203"
"O:1092","C:1204"
"O:1093","C:1205"
"O:1094","C:1206"
"O:1095","C:1207"
"O:1096","C:1208"
"O:1097","C:1209"
"O:1098","C:1210"
"O:1099","C:1211"
"O:1100","C:1212"
"O:1101","C:1213"
"O:1102","C:1214"
"O:1103","C:1215"
"O:1104","C:1216"
"O:1105","C:1217"
"O:1106","C:1218"
"O:1107","C:1219"
"O:1108","C:1220"
"O:846","C:1221"
"O:1109","C:1222"
"O:1110","C:1223"
"O:1111","C:1224"
"O:1112","C:1225"
"O:1113","C:1226"
"O:537","C:1227"
"O:1114","C:1228"
"O:1115","C:1229"
"O:1116","C:1230"
"O:1117","C:1231"
"O:1118","C:1232"
"O:1119","C:1233"
"O:1120","C:1234"
"O:1121","C:1235"
"O:1122","C:1236"
"O:1123","C:1237"
"O:1124","C:1238"
"O:1125","C:1239"
"O:1126","C:1240"
"O:1127","C:1241"
"O:1128","C:1242"
"O:1129","C:1243"
"O:1130","C:1244"
"O:1131","C:1245"
"O:1132","C:1246"
"O:1133","C:1247"
"O:1134","C:1248"
"O:1113","C:1249"
"O:1135","C:1250"
"O:1136","C:1251"
"O:1137","C:1252"
"O:1138","C:1253"
"O:1139","C:1254"
"O:1140","C:1255"
"O:1141","C:1256"
"O:1142","C:1257"
"O:775","C:1258"
"O:1143","C:1259"
"O:1144","C:1260"
"O:1145","C:1261"
"O:1146","C:1262"
"O:1147","C:1263"
"O:1148","C:1264"
"O:1149","C:1265"
"O:1150","C:1266"
"O:1151","C:1267"
"O:1152","C:1268"
"O:1153","C:1269"
"O:1154","C:1270"
"O:1155","C:1271"
"O:1156","C:1272"
"O:1157","C:1273"
"O:1158","C:1274"
"O:1159","C:1275"
"O:1160","C:1276"
"O:1161","C:1277"
"O:1162","C:1278"
"O:1163","C:1279"
"O:1164","C:1280"
"O:1165","C:1281"
"O:1166","C:1282"
"O:1167","C:1283"
"O:1168","C:1284"
"O:1169","C:1285"
"O:1170","C:1286"
"O:1171","C:1287"
"O:1172","C:1288"
"O:1173","C:1289"
"O:1174","C:1290"
"O:712","C:1291"
"O:1175","C:1292"
"O:1176","C:1293"
"O:1177","C:1294"
"O:1178","C:1295"
"O:1179","C:1296"
"O:1180","C:1297"
"O:1181","C:1298"
"O:1182","C:1299"
"O:1183","C:1300"
"O:1184","C:1301"
"O:1185","C:1302"
"O:1186","C:1303"
"O:1187","C:1304"
"O:1188","C:1305"
"O:1189","C:1306"
"O:1190","C:1307"
"O:1191","C:1308"
"O:1192","C:1309"
"O:1193","C:1310"
"O:1194","C:1311"
"O:1195","C:1312"
"O:1196","C:1313"
"O:1197","C:1314"
"O:1198","C:1315"
"O:1199","C:1316"
"O:1200","C:1317"
"O:1201","C:1318"
"O:1202","C:1319"
"O:1203","C:1320"
"O:1204","C:1321"
"O:1205","C:1322"
"O:1206","C:1323"
"O:1207","C:1324"
"O:1208","C:1325"
"O:1209","C:1326"
"O:1210","C:1327"
"O:1211","C:1328"
"O:1212","C:1329"
"O:1213","C:1330"
"O:1214","C:753"
"O:1215","C:1331"
"O:1216","C:1332"
"O:1217","C:1333"
"O:1218","C:1334"
"O:1219","C:1335"
"O:1220","C:1336"
"O:1221","C:1337"
"O:1222","C:1338"
"O:1223","C:1339"
"O:1224","C:1340"
"O:1225","C:1341"
"O:1226","C:1342"
"O:1227","C:1343"
"O:1228","C:1344"
"O:1229","C:1345"
"O:1230","C:1346"
"O:1231","C:1347"
"O:1232","C:1348"
"O:1233","C:1349"
"O:1234","C:1350"
"O:1235","C:1351"
"O:1236","C:1352"
"O:1237","C:1353"
"O:421","C:1354"
"O:1238","C:1355"
"O:1239","C:1356"
"O:1240","C:1357"
"O:1241","C:1358"
"O:1242","C:1359"
"O:1243","C:1295"
"O:1244","C:1360"
"O:1245","C:1361"
"O:1246","C:1362"
"O:1247","C:1363"
"O:1248","C:1364"
"O:1249","C:1365"
"O:1250","C:1366"
"O:40","C:78"
"O:1251","C:1367"
"O:1252","C:1368"
"O:1253","C:1369"
"O:1254","C:1370"
"O:1255","C:1371"
"O:1256","C:1372"
"O:1257","C:1373"
"O:1258","C:1374"
"O:1259","C:1375"
"O:1260","C:1376"
"O:1261","C:1377"
"O:1262","C:1378"
"O:1263","C:1379"
"O:1264","C:1380"
"O:1265","C:1381"
"O:1266","C:1382"
"O:1267","C:1383"
"O:1268","C:1384"
"O:1269","C:1385"
"O:1270","C:1386"
"O:1271","C:1387"
"O:1272","C:1388"
"O:1273","C:1389"
"O:1274","C:1390"
"O:1275","C:1391"
"O:1276","C:1392"
"O:737","C:1393"
"O:1277","C:1394"
"O:1278","C:1395"
"O:1279","C:1396"
"O:1280","C:1397"
"O:1281","C:1398"
"O:1282","C:1399"
"O:1283","C:1400"
"O:1284","C:1401"
"O:1285","C:1402"
"O:1286","C:1403"
"O:1287","C:1404"
"O:1288","C:1405"
"O:1289","C:1406"
"O:1290","C:1407"
"O:1291","C:1408"
"O:1292","C:1409"
"O:1293","C:1410"
"O:1294","C:1411"
"O:1295","C:1412"
"O:1296","C:1413"
"O:1297","C:1414"
"O:1298","C:1415"
"O:1299","C:1416"
"O:1300","C:1417"
"O:1301","C:1418"
"O:1302","C:1419"
"O:1303","C:1420"
"O:1304","C:1421"
"O:1305","C:1422"
"O:1306","C:1423"
"O:1307","C:1424"
"O:1308","C:1425"
"O:1309","C:1426"
"O:1310","C:1427"
"O:1311","C:1428"
"O:480","C:1429"
"O:1312","C:1430"
"O:1313","C:1431"
"O:421","C:1432"
"O:1314","C:1433"
"O:1315","C:1434"
"O:1316","C:1435"
"O:1317","C:1436"
"O:1318","C:1437"
"O:216","C:133"
"O:1319","C:1438"
"O:1320","C:1439"
"O:1321","C:1440"
"O:1322","C:1441"
"O:1323","C:1442"
"O:1324","C:1443"
"O:1325","C:1444"
"O:1326","C:1445"
"O:1327","C:1446"
"O:1328","C:797"
"O:1329","C:1447"
"O:1330","C:1448"
"O:1331","C:1449"
"O:1332","C:1450"
"O:1081","C:1451"
"O:1333","C:1452"
"O:1334","C:1453"
"O:1335","C:1454"
"O:1336","C:1455"
"O:1337","C:1456"
"O:1338","C:1457"
"O:1339","C:1458"
"O:1340","C:1459"
"O:1341","C:1460"
"O:1342","C:1461"
"O:1343","C:1462"
"O:1344","C:1463"
"O:1345","C:1464"
"O:1346","C:1465"
"O:1347","C:1466"
"O:1348","C:1467"
"O:1349","C:1468"
"O:1350","C:1469"
"O:1351","C:1470"
"O:1352","C:1471"
"O:1353","C:1472"
"O:1354","C:1473"
"O:1355","C:1474"
"O:149","C:1475"
"O:1356","C:1476"
"O:1357","C:1477"
